lead_id,AE_id,stage,start_date,end_date
1,367003,fist_contact,2025-01-15,2025-01-22
1,367003,presentation,2025-01-23,2025-01-30
1,367003,contract_negotiation,2025-01-31,2025-02-18
1,367003,legal_review,2025-02-19,2025-03-02
1,367003,contract_signed,2025-03-03,
2,367001,fist_contact,2025-01-28,2025-01-31
2,367001,presentation,2025-02-01,2025-02-03
2,367001,contract_negotiation,2025-02-04,2025-02-06
2,367001,legal_review,2025-02-07,2025-02-10
2,367001,contract_signed,2025-02-11,
3,367003,fist_contact,2025-01-14,2025-02-05
3,367003,presentation,2025-02-06,2025-03-01
3,367003,contract_negotiation,2025-03-02,2025-03-15
3,367003,legal_review,2025-03-16,2025-04-03
3,367003,lost,2025-04-04,
4,367003,fist_contact,2025-02-01,2025-02-03
4,367003,presentation,2025-02-04,2025-02-05
4,367003,contract_negotiation,2025-02-06,2025-02-08
4,367003,legal_review,2025-02-09,2025-02-11
4,367003,contract_signed,2025-02-12,
5,367003,fist_contact,2025-02-01,2025-02-14
5,367003,presentation,2025-02-15,2025-02-24
5,367003,contract_negotiation,2025-02-25,2025-03-07
5,367003,legal_review,2025-03-08,2025-04-02
5,367003,contract_signed,2025-04-03,
6,367001,fist_contact,2025-01-08,2025-01-09
6,367001,presentation,2025-01-10,2025-01-12
6,367001,contract_negotiation,2025-01-13,2025-01-16
6,367001,legal_review,2025-01-17,2025-01-19
6,367001,contract_signed,2025-01-20,
7,367003,fist_contact,2025-01-28,2025-02-05
7,367003,presentation,2025-02-06,2025-02-13
7,367003,contract_negotiation,2025-02-14,2025-02-17
7,367003,legal_review,2025-02-18,2025-02-28
7,367003,lost,2025-03-01,
8,367002,fist_contact,2025-01-22,2025-01-28
8,367002,presentation,2025-01-29,2025-02-05
8,367002,contract_negotiation,2025-02-06,2025-02-11
8,367002,legal_review,2025-02-12,2025-02-18
8,367002,contract_signed,2025-02-19,
9,367004,fist_contact,2025-02-02,2025-02-04
9,367004,presentation,2025-02-05,2025-02-07
9,367004,contract_negotiation,2025-02-08,2025-02-11
9,367004,legal_review,2025-02-12,2025-02-15
9,367004,contract_signed,2025-02-16,
10,376005,fist_contact,2025-01-08,2025-01-14
10,376005,presentation,2025-01-15,2025-01-19
10,376005,contract_negotiation,2025-01-20,2025-01-25
10,376005,legal_review,2025-01-26,2025-02-02
10,376005,contract_signed,2025-02-03,
11,367001,fist_contact,2025-01-09,2025-01-17
11,367001,presentation,2025-01-18,2025-01-25
11,367001,contract_negotiation,2025-01-26,2025-01-31
11,367001,legal_review,2025-02-01,2025-02-07
11,367001,contract_signed,2025-02-08,
12,376005,fist_contact,2025-01-26,2025-02-07
12,376005,presentation,2025-02-08,2025-02-21
12,376005,contract_negotiation,2025-02-22,2025-03-10
12,376005,legal_review,2025-03-11,2025-03-18
12,376005,contract_signed,2025-03-19,
13,367002,fist_contact,2025-01-05,2025-01-17
13,367002,presentation,2025-01-18,2025-01-23
13,367002,contract_negotiation,2025-01-24,2025-02-10
13,367002,legal_review,2025-02-11,2025-03-01
13,367002,lost,2025-03-02,
14,376005,fist_contact,2025-01-07,2025-01-24
14,376005,presentation,2025-01-25,2025-02-07
14,376005,contract_negotiation,2025-02-08,2025-02-27
14,376005,legal_review,2025-02-28,2025-03-09
14,376005,contract_signed,2025-03-10,
15,367001,fist_contact,2025-01-31,2025-02-13
15,367001,presentation,2025-02-14,2025-03-05
15,367001,contract_negotiation,2025-03-06,2025-03-27
15,367001,legal_review,2025-03-28,2025-04-18
15,367001,contract_signed,2025-04-19,
16,367004,fist_contact,2025-01-11,2025-01-12
16,367004,presentation,2025-01-13,2025-01-14
16,367004,contract_negotiation,2025-01-15,2025-01-17
16,367004,legal_review,2025-01-18,2025-01-21
16,367004,contract_signed,2025-01-22,
17,376005,fist_contact,2025-01-05,2025-01-11
17,376005,presentation,2025-01-12,2025-02-03
17,376005,contract_negotiation,2025-02-04,2025-02-22
17,376005,legal_review,2025-02-23,2025-03-19
17,376005,contract_signed,2025-03-20,
18,376005,fist_contact,2025-01-19,2025-01-29
18,376005,presentation,2025-01-30,2025-02-09
18,376005,contract_negotiation,2025-02-10,2025-02-18
18,376005,legal_review,2025-02-19,2025-03-01
18,376005,contract_signed,2025-03-02,
19,367003,fist_contact,2025-01-17,2025-01-18
19,367003,presentation,2025-01-19,2025-01-22
19,367003,contract_negotiation,2025-01-23,2025-01-26
19,367003,legal_review,2025-01-27,2025-01-28
19,367003,contract_signed,2025-01-29,
20,367002,fist_contact,2025-01-27,2025-02-19
20,367002,presentation,2025-02-20,2025-02-25
20,367002,contract_negotiation,2025-02-26,2025-03-04
20,367002,legal_review,2025-03-05,2025-03-16
20,367002,contract_signed,2025-03-17,
21,367002,fist_contact,2025-01-09,2025-01-19
21,367002,presentation,2025-01-20,2025-01-30
21,367002,contract_negotiation,2025-01-31,2025-02-07
21,367002,legal_review,2025-02-08,2025-02-14
21,367002,lost,2025-02-15,
22,367003,fist_contact,2025-01-27,2025-02-06
22,367003,presentation,2025-02-07,2025-02-12
22,367003,contract_negotiation,2025-02-13,2025-02-16
22,367003,legal_review,2025-02-17,2025-02-23
22,367003,contract_signed,2025-02-24,
23,367001,fist_contact,2025-01-13,2025-01-15
23,367001,presentation,2025-01-16,2025-01-18
23,367001,contract_negotiation,2025-01-19,2025-01-20
23,367001,legal_review,2025-01-21,2025-01-24
23,367001,contract_signed,2025-01-25,
24,367001,fist_contact,2025-01-21,2025-01-22
24,367001,presentation,2025-01-23,2025-01-25
24,367001,contract_negotiation,2025-01-26,2025-01-27
24,367001,legal_review,2025-01-28,2025-01-31
24,367001,contract_signed,2025-02-01,
25,367003,fist_contact,2025-01-24,2025-02-05
25,367003,presentation,2025-02-06,2025-02-13
25,367003,contract_negotiation,2025-02-14,2025-02-23
25,367003,legal_review,2025-02-24,2025-03-07
25,367003,lost,2025-03-08,
26,367004,fist_contact,2025-02-02,2025-02-04
26,367004,presentation,2025-02-05,2025-02-06
26,367004,contract_negotiation,2025-02-07,2025-02-09
26,367004,legal_review,2025-02-10,2025-02-11
26,367004,lost,2025-02-12,
27,376005,fist_contact,2025-01-14,2025-01-15
27,376005,presentation,2025-01-16,2025-01-18
27,376005,contract_negotiation,2025-01-19,2025-01-22
27,376005,legal_review,2025-01-23,2025-01-25
27,376005,contract_signed,2025-01-26,
28,367003,fist_contact,2025-01-30,2025-02-01
28,367003,presentation,2025-02-02,2025-02-05
28,367003,contract_negotiation,2025-02-06,2025-02-08
28,367003,legal_review,2025-02-09,2025-02-10
28,367003,lost,2025-02-11,
29,367003,fist_contact,2025-01-14,2025-01-22
29,367003,presentation,2025-01-23,2025-01-31
29,367003,contract_negotiation,2025-02-01,2025-02-08
29,367003,legal_review,2025-02-09,2025-02-16
29,367003,contract_signed,2025-02-17,
30,367001,fist_contact,2025-01-26,2025-02-02
30,367001,presentation,2025-02-03,2025-02-12
30,367001,contract_negotiation,2025-02-13,2025-02-21
30,367001,legal_review,2025-02-22,2025-02-26
30,367001,contract_signed,2025-02-27,
31,367001,fist_contact,2025-01-21,2025-01-22
31,367001,presentation,2025-01-23,2025-01-26
31,367001,contract_negotiation,2025-01-27,2025-01-28
31,367001,legal_review,2025-01-29,2025-02-01
31,367001,lost,2025-02-02,
32,367001,fist_contact,2025-01-05,2025-01-08
32,367001,presentation,2025-01-09,2025-01-12
32,367001,contract_negotiation,2025-01-13,2025-01-16
32,367001,legal_review,2025-01-17,2025-01-18
32,367001,contract_signed,2025-01-19,
33,367003,fist_contact,2025-01-20,2025-02-14
33,367003,presentation,2025-02-15,2025-02-24
33,367003,contract_negotiation,2025-02-25,2025-03-11
33,367003,legal_review,2025-03-12,2025-03-29
33,367003,contract_signed,2025-03-30,
34,367002,fist_contact,2025-01-22,2025-01-23
34,367002,presentation,2025-01-24,2025-01-25
34,367002,contract_negotiation,2025-01-26,2025-01-29
34,367002,legal_review,2025-01-30,2025-02-01
34,367002,contract_signed,2025-02-02,
35,376005,fist_contact,2025-01-28,2025-02-07
35,376005,presentation,2025-02-08,2025-02-26
35,376005,contract_negotiation,2025-02-27,2025-03-20
35,376005,legal_review,2025-03-21,2025-04-04
35,376005,contract_signed,2025-04-05,
36,367002,fist_contact,2025-01-30,2025-02-09
36,367002,presentation,2025-02-10,2025-02-14
36,367002,contract_negotiation,2025-02-15,2025-02-19
36,367002,legal_review,2025-02-20,2025-02-27
36,367002,contract_signed,2025-02-28,
37,376005,fist_contact,2025-01-06,2025-01-20
37,376005,presentation,2025-01-21,2025-01-27
37,376005,contract_negotiation,2025-01-28,2025-02-21
37,376005,legal_review,2025-02-22,2025-02-27
37,376005,lost,2025-02-28,
38,376005,fist_contact,2025-01-23,2025-01-28
38,376005,presentation,2025-01-29,2025-02-03
38,376005,contract_negotiation,2025-02-04,2025-02-14
38,376005,legal_review,2025-02-15,2025-02-19
38,376005,lost,2025-02-20,
39,367001,fist_contact,2025-01-29,2025-02-03
39,367001,presentation,2025-02-04,2025-02-07
39,367001,contract_negotiation,2025-02-08,2025-02-18
39,367001,legal_review,2025-02-19,2025-02-22
39,367001,contract_signed,2025-02-23,
40,367002,fist_contact,2025-01-05,2025-01-07
40,367002,presentation,2025-01-08,2025-01-10
40,367002,contract_negotiation,2025-01-11,2025-01-13
40,367002,legal_review,2025-01-14,2025-01-17
40,367002,contract_signed,2025-01-18,
41,376005,fist_contact,2025-01-31,2025-02-13
41,376005,presentation,2025-02-14,2025-02-25
41,376005,contract_negotiation,2025-02-26,2025-03-15
41,376005,legal_review,2025-03-16,2025-04-10
41,376005,lost,2025-04-11,
42,367003,fist_contact,2025-01-17,2025-01-23
42,367003,presentation,2025-01-24,2025-02-03
42,367003,contract_negotiation,2025-02-04,2025-02-14
42,367003,legal_review,2025-02-15,2025-02-21
42,367003,contract_signed,2025-02-22,
43,376005,fist_contact,2025-01-28,2025-01-29
43,376005,presentation,2025-01-30,2025-01-31
43,376005,contract_negotiation,2025-02-01,2025-02-02
43,376005,legal_review,2025-02-03,2025-02-04
43,376005,contract_signed,2025-02-05,
44,367001,fist_contact,2025-01-21,2025-01-22
44,367001,presentation,2025-01-23,2025-01-24
44,367001,contract_negotiation,2025-01-25,2025-01-27
44,367001,legal_review,2025-01-28,2025-01-29
44,367001,contract_signed,2025-01-30,
45,376005,fist_contact,2025-01-08,2025-01-10
45,376005,presentation,2025-01-11,2025-01-12
45,376005,contract_negotiation,2025-01-13,2025-01-14
45,376005,legal_review,2025-01-15,2025-01-18
45,376005,lost,2025-01-19,
46,367003,fist_contact,2025-01-07,2025-01-10
46,367003,presentation,2025-01-11,2025-01-12
46,367003,contract_negotiation,2025-01-13,2025-01-14
46,367003,legal_review,2025-01-15,2025-01-18
46,367003,contract_signed,2025-01-19,
47,367003,fist_contact,2025-01-08,2025-01-16
47,367003,presentation,2025-01-17,2025-01-27
47,367003,contract_negotiation,2025-01-28,2025-01-31
47,367003,legal_review,2025-02-01,2025-02-05
47,367003,contract_signed,2025-02-06,
48,367002,fist_contact,2025-01-28,2025-02-10
48,367002,presentation,2025-02-11,2025-03-08
48,367002,contract_negotiation,2025-03-09,2025-04-02
48,367002,legal_review,2025-04-03,2025-04-24
48,367002,contract_signed,2025-04-25,
49,376005,fist_contact,2025-01-29,2025-01-30
49,376005,presentation,2025-01-31,2025-02-01
49,376005,contract_negotiation,2025-02-02,2025-02-05
49,376005,legal_review,2025-02-06,2025-02-09
49,376005,contract_signed,2025-02-10,
50,367004,fist_contact,2025-01-20,2025-01-25
50,367004,presentation,2025-01-26,2025-01-31
50,367004,contract_negotiation,2025-02-01,2025-02-07
50,367004,legal_review,2025-02-08,2025-02-18
50,367004,contract_signed,2025-02-19,
51,367002,fist_contact,2025-01-08,2025-01-29
51,367002,presentation,2025-01-30,2025-02-14
51,367002,contract_negotiation,2025-02-15,2025-03-06
51,367002,legal_review,2025-03-07,2025-03-19
51,367002,lost,2025-03-20,
52,367004,fist_contact,2025-01-24,2025-01-26
52,367004,presentation,2025-01-27,2025-01-29
52,367004,contract_negotiation,2025-01-30,2025-02-02
52,367004,legal_review,2025-02-03,2025-02-05
52,367004,contract_signed,2025-02-06,
53,367001,fist_contact,2025-02-04,2025-02-15
53,367001,presentation,2025-02-16,2025-02-21
53,367001,contract_negotiation,2025-02-22,2025-03-16
53,367001,legal_review,2025-03-17,2025-04-10
53,367001,lost,2025-04-11,
54,367002,fist_contact,2025-01-29,2025-01-30
54,367002,presentation,2025-01-31,2025-02-01
54,367002,contract_negotiation,2025-02-02,2025-02-04
54,367002,legal_review,2025-02-05,2025-02-06
54,367002,contract_signed,2025-02-07,
55,367002,fist_contact,2025-01-24,2025-01-26
55,367002,presentation,2025-01-27,2025-01-29
55,367002,contract_negotiation,2025-01-30,2025-01-31
55,367002,legal_review,2025-02-01,2025-02-04
55,367002,contract_signed,2025-02-05,
56,376005,fist_contact,2025-01-06,2025-01-09
56,376005,presentation,2025-01-10,2025-01-11
56,376005,contract_negotiation,2025-01-12,2025-01-14
56,376005,legal_review,2025-01-15,2025-01-17
56,376005,contract_signed,2025-01-18,
57,367002,fist_contact,2025-01-07,2025-01-10
57,367002,presentation,2025-01-11,2025-01-14
57,367002,contract_negotiation,2025-01-15,2025-01-18
57,367002,legal_review,2025-01-19,2025-01-20
57,367002,contract_signed,2025-01-21,
58,367002,fist_contact,2025-01-05,2025-01-08
58,367002,presentation,2025-01-09,2025-01-17
58,367002,contract_negotiation,2025-01-18,2025-01-25
58,367002,legal_review,2025-01-26,2025-02-04
58,367002,contract_signed,2025-02-05,
59,367002,fist_contact,2025-01-15,2025-01-18
59,367002,presentation,2025-01-19,2025-01-26
59,367002,contract_negotiation,2025-01-27,2025-01-31
59,367002,legal_review,2025-02-01,2025-02-07
59,367002,contract_signed,2025-02-08,
60,367002,fist_contact,2025-01-12,2025-01-23
60,367002,presentation,2025-01-24,2025-02-10
60,367002,contract_negotiation,2025-02-11,2025-03-02
60,367002,legal_review,2025-03-03,2025-03-17
60,367002,contract_signed,2025-03-18,
61,367002,fist_contact,2025-01-09,2025-01-11
61,367002,presentation,2025-01-12,2025-01-15
61,367002,contract_negotiation,2025-01-16,2025-01-17
61,367002,legal_review,2025-01-18,2025-01-20
61,367002,contract_signed,2025-01-21,
62,367004,fist_contact,2025-01-05,2025-01-17
62,367004,presentation,2025-01-18,2025-02-06
62,367004,contract_negotiation,2025-02-07,2025-02-12
62,367004,legal_review,2025-02-13,2025-02-27
62,367004,contract_signed,2025-02-28,
63,367003,fist_contact,2025-01-19,2025-01-24
63,367003,presentation,2025-01-25,2025-02-03
63,367003,contract_negotiation,2025-02-04,2025-02-13
63,367003,legal_review,2025-02-14,2025-02-22
63,367003,contract_signed,2025-02-23,
64,376005,fist_contact,2025-01-16,2025-01-21
64,376005,presentation,2025-01-22,2025-02-09
64,376005,contract_negotiation,2025-02-10,2025-03-03
64,376005,legal_review,2025-03-04,2025-03-18
64,376005,lost,2025-03-19,
65,367001,fist_contact,2025-01-26,2025-01-29
65,367001,presentation,2025-01-30,2025-02-03
65,367001,contract_negotiation,2025-02-04,2025-02-13
65,367001,legal_review,2025-02-14,2025-02-21
65,367001,contract_signed,2025-02-22,
66,367004,fist_contact,2025-01-22,2025-02-16
66,367004,presentation,2025-02-17,2025-02-24
66,367004,contract_negotiation,2025-02-25,2025-03-16
66,367004,legal_review,2025-03-17,2025-04-09
66,367004,contract_signed,2025-04-10,
67,367002,fist_contact,2025-01-19,2025-01-22
67,367002,presentation,2025-01-23,2025-01-25
67,367002,contract_negotiation,2025-01-26,2025-01-28
67,367002,legal_review,2025-01-29,2025-01-30
67,367002,contract_signed,2025-01-31,
68,367004,fist_contact,2025-01-09,2025-01-18
68,367004,presentation,2025-01-19,2025-01-25
68,367004,contract_negotiation,2025-01-26,2025-02-03
68,367004,legal_review,2025-02-04,2025-02-10
68,367004,contract_signed,2025-02-11,
69,367002,fist_contact,2025-02-04,2025-02-09
69,367002,presentation,2025-02-10,2025-02-14
69,367002,contract_negotiation,2025-02-15,2025-02-24
69,367002,legal_review,2025-02-25,2025-03-06
69,367002,contract_signed,2025-03-07,
70,367004,fist_contact,2025-01-11,2025-01-12
70,367004,presentation,2025-01-13,2025-01-16
70,367004,contract_negotiation,2025-01-17,2025-01-19
70,367004,legal_review,2025-01-20,2025-01-22
70,367004,contract_signed,2025-01-23,
71,367001,fist_contact,2025-01-20,2025-01-21
71,367001,presentation,2025-01-22,2025-01-25
71,367001,contract_negotiation,2025-01-26,2025-01-28
71,367001,legal_review,2025-01-29,2025-01-30
71,367001,contract_signed,2025-01-31,
72,367003,fist_contact,2025-01-11,2025-01-12
72,367003,presentation,2025-01-13,2025-01-16
72,367003,contract_negotiation,2025-01-17,2025-01-18
72,367003,legal_review,2025-01-19,2025-01-20
72,367003,contract_signed,2025-01-21,
73,376005,fist_contact,2025-01-19,2025-01-21
73,376005,presentation,2025-01-22,2025-01-25
73,376005,contract_negotiation,2025-01-26,2025-01-28
73,376005,legal_review,2025-01-29,2025-01-31
73,376005,lost,2025-02-01,
74,367004,fist_contact,2025-01-20,2025-01-22
74,367004,presentation,2025-01-23,2025-01-26
74,367004,contract_negotiation,2025-01-27,2025-01-30
74,367004,legal_review,2025-01-31,2025-02-02
74,367004,contract_signed,2025-02-03,
75,367004,fist_contact,2025-01-14,2025-01-19
75,367004,presentation,2025-01-20,2025-01-25
75,367004,contract_negotiation,2025-01-26,2025-02-04
75,367004,legal_review,2025-02-05,2025-02-14
75,367004,contract_signed,2025-02-15,
76,367002,fist_contact,2025-01-05,2025-01-17
76,367002,presentation,2025-01-18,2025-02-08
76,367002,contract_negotiation,2025-02-09,2025-03-04
76,367002,legal_review,2025-03-05,2025-03-16
76,367002,contract_signed,2025-03-17,
77,367004,fist_contact,2025-01-22,2025-01-31
77,367004,presentation,2025-02-01,2025-02-04
77,367004,contract_negotiation,2025-02-05,2025-02-12
77,367004,legal_review,2025-02-13,2025-02-21
77,367004,lost,2025-02-22,
78,376005,fist_contact,2025-01-14,2025-02-08
78,376005,presentation,2025-02-09,2025-02-27
78,376005,contract_negotiation,2025-02-28,2025-03-21
78,376005,legal_review,2025-03-22,2025-03-29
78,376005,contract_signed,2025-03-30,
79,367001,fist_contact,2025-01-25,2025-01-28
79,367001,presentation,2025-01-29,2025-01-31
79,367001,contract_negotiation,2025-02-01,2025-02-03
79,367001,legal_review,2025-02-04,2025-02-06
79,367001,contract_signed,2025-02-07,
80,367004,fist_contact,2025-02-04,2025-02-13
80,367004,presentation,2025-02-14,2025-03-06
80,367004,contract_negotiation,2025-03-07,2025-03-19
80,367004,legal_review,2025-03-20,2025-03-31
80,367004,contract_signed,2025-04-01,
81,367003,fist_contact,2025-01-12,2025-01-15
81,367003,presentation,2025-01-16,2025-01-18
81,367003,contract_negotiation,2025-01-19,2025-01-20
81,367003,legal_review,2025-01-21,2025-01-24
81,367003,lost,2025-01-25,
82,367003,fist_contact,2025-02-04,2025-02-07
82,367003,presentation,2025-02-08,2025-02-09
82,367003,contract_negotiation,2025-02-10,2025-02-11
82,367003,legal_review,2025-02-12,2025-02-14
82,367003,contract_signed,2025-02-15,
83,367003,fist_contact,2025-01-11,2025-02-02
83,367003,presentation,2025-02-03,2025-02-09
83,367003,contract_negotiation,2025-02-10,2025-02-18
83,367003,legal_review,2025-02-19,2025-03-07
83,367003,lost,2025-03-08,
84,367001,fist_contact,2025-01-24,2025-01-27
84,367001,presentation,2025-01-28,2025-01-29
84,367001,contract_negotiation,2025-01-30,2025-01-31
84,367001,legal_review,2025-02-01,2025-02-04
84,367001,contract_signed,2025-02-05,
85,367001,fist_contact,2025-02-01,2025-02-02
85,367001,presentation,2025-02-03,2025-02-06
85,367001,contract_negotiation,2025-02-07,2025-02-10
85,367001,legal_review,2025-02-11,2025-02-13
85,367001,lost,2025-02-14,
86,367004,fist_contact,2025-01-05,2025-01-06
86,367004,presentation,2025-01-07,2025-01-10
86,367004,contract_negotiation,2025-01-11,2025-01-13
86,367004,legal_review,2025-01-14,2025-01-15
86,367004,lost,2025-01-16,
87,367004,fist_contact,2025-01-06,2025-01-07
87,367004,presentation,2025-01-08,2025-01-11
87,367004,contract_negotiation,2025-01-12,2025-01-14
87,367004,legal_review,2025-01-15,2025-01-17
87,367004,contract_signed,2025-01-18,
88,367003,fist_contact,2025-02-04,2025-02-09
88,367003,presentation,2025-02-10,2025-02-17
88,367003,contract_negotiation,2025-02-18,2025-03-04
88,367003,legal_review,2025-03-05,2025-03-14
88,367003,contract_signed,2025-03-15,
89,367001,fist_contact,2025-01-15,2025-01-19
89,367001,presentation,2025-01-20,2025-01-25
89,367001,contract_negotiation,2025-01-26,2025-02-02
89,367001,legal_review,2025-02-03,2025-02-07
89,367001,contract_signed,2025-02-08,
90,367001,fist_contact,2025-01-14,2025-01-17
90,367001,presentation,2025-01-18,2025-01-20
90,367001,contract_negotiation,2025-01-21,2025-01-24
90,367001,legal_review,2025-01-25,2025-01-28
90,367001,lost,2025-01-29,
91,367004,fist_contact,2025-01-21,2025-02-14
91,367004,presentation,2025-02-15,2025-02-26
91,367004,contract_negotiation,2025-02-27,2025-03-18
91,367004,legal_review,2025-03-19,2025-03-29
91,367004,contract_signed,2025-03-30,
92,376005,fist_contact,2025-02-04,2025-02-07
92,376005,presentation,2025-02-08,2025-02-09
92,376005,contract_negotiation,2025-02-10,2025-02-12
92,376005,legal_review,2025-02-13,2025-02-16
92,376005,contract_signed,2025-02-17,
93,367003,fist_contact,2025-01-28,2025-02-02
93,367003,presentation,2025-02-03,2025-02-10
93,367003,contract_negotiation,2025-02-11,2025-02-19
93,367003,legal_review,2025-02-20,2025-02-26
93,367003,lost,2025-02-27,
94,367004,fist_contact,2025-01-15,2025-02-06
94,367004,presentation,2025-02-07,2025-02-13
94,367004,contract_negotiation,2025-02-14,2025-02-24
94,367004,legal_review,2025-02-25,2025-03-22
94,367004,contract_signed,2025-03-23,
95,367004,fist_contact,2025-01-19,2025-01-21
95,367004,presentation,2025-01-22,2025-01-25
95,367004,contract_negotiation,2025-01-26,2025-01-27
95,367004,legal_review,2025-01-28,2025-01-29
95,367004,contract_signed,2025-01-30,
96,367002,fist_contact,2025-01-17,2025-01-27
96,367002,presentation,2025-01-28,2025-02-02
96,367002,contract_negotiation,2025-02-03,2025-02-10
96,367002,legal_review,2025-02-11,2025-02-19
96,367002,contract_signed,2025-02-20,
97,367002,fist_contact,2025-01-30,2025-01-31
97,367002,presentation,2025-02-01,2025-02-03
97,367002,contract_negotiation,2025-02-04,2025-02-05
97,367002,legal_review,2025-02-06,2025-02-07
97,367002,contract_signed,2025-02-08,
98,367001,fist_contact,2025-02-04,2025-02-11
98,367001,presentation,2025-02-12,2025-02-28
98,367001,contract_negotiation,2025-03-01,2025-03-08
98,367001,legal_review,2025-03-09,2025-03-23
98,367001,contract_signed,2025-03-24,
99,367004,fist_contact,2025-01-13,2025-01-20
99,367004,presentation,2025-01-21,2025-01-30
99,367004,contract_negotiation,2025-01-31,2025-02-05
99,367004,legal_review,2025-02-06,2025-02-15
99,367004,contract_signed,2025-02-16,
100,376005,fist_contact,2025-01-07,2025-01-15
100,376005,presentation,2025-01-16,2025-01-25
100,376005,contract_negotiation,2025-01-26,2025-02-03
100,376005,legal_review,2025-02-04,2025-02-10
100,376005,contract_signed,2025-02-11,
101,367003,fist_contact,2025-01-16,2025-01-18
101,367003,presentation,2025-01-19,2025-01-22
101,367003,contract_negotiation,2025-01-23,2025-01-26
101,367003,legal_review,2025-01-27,2025-01-28
101,367003,contract_signed,2025-01-29,
102,367001,fist_contact,2025-01-28,2025-01-30
102,367001,presentation,2025-01-31,2025-02-01
102,367001,contract_negotiation,2025-02-02,2025-02-05
102,367001,legal_review,2025-02-06,2025-02-08
102,367001,contract_signed,2025-02-09,
103,367004,fist_contact,2025-01-13,2025-02-05
103,367004,presentation,2025-02-06,2025-02-25
103,367004,contract_negotiation,2025-02-26,2025-03-21
103,367004,legal_review,2025-03-22,2025-04-16
103,367004,contract_signed,2025-04-17,
104,367001,fist_contact,2025-01-29,2025-02-01
104,367001,presentation,2025-02-02,2025-02-04
104,367001,contract_negotiation,2025-02-05,2025-02-07
104,367001,legal_review,2025-02-08,2025-02-11
104,367001,contract_signed,2025-02-12,
105,367003,fist_contact,2025-02-03,2025-02-04
105,367003,presentation,2025-02-05,2025-02-07
105,367003,contract_negotiation,2025-02-08,2025-02-11
105,367003,legal_review,2025-02-12,2025-02-13
105,367003,contract_signed,2025-02-14,
106,376005,fist_contact,2025-01-23,2025-02-03
106,376005,presentation,2025-02-04,2025-02-27
106,376005,contract_negotiation,2025-02-28,2025-03-23
106,376005,legal_review,2025-03-24,2025-04-13
106,376005,contract_signed,2025-04-14,
107,367001,fist_contact,2025-01-19,2025-01-22
107,367001,presentation,2025-01-23,2025-01-25
107,367001,contract_negotiation,2025-01-26,2025-01-28
107,367001,legal_review,2025-01-29,2025-01-31
107,367001,contract_signed,2025-02-01,
108,367004,fist_contact,2025-01-29,2025-01-31
108,367004,presentation,2025-02-01,2025-02-03
108,367004,contract_negotiation,2025-02-04,2025-02-06
108,367004,legal_review,2025-02-07,2025-02-10
108,367004,contract_signed,2025-02-11,
109,367003,fist_contact,2025-01-21,2025-01-22
109,367003,presentation,2025-01-23,2025-01-24
109,367003,contract_negotiation,2025-01-25,2025-01-27
109,367003,legal_review,2025-01-28,2025-01-29
109,367003,contract_signed,2025-01-30,
110,367001,fist_contact,2025-01-08,2025-01-09
110,367001,presentation,2025-01-10,2025-01-11
110,367001,contract_negotiation,2025-01-12,2025-01-13
110,367001,legal_review,2025-01-14,2025-01-15
110,367001,contract_signed,2025-01-16,
111,367003,fist_contact,2025-01-12,2025-01-21
111,367003,presentation,2025-01-22,2025-01-25
111,367003,contract_negotiation,2025-01-26,2025-02-03
111,367003,legal_review,2025-02-04,2025-02-07
111,367003,contract_signed,2025-02-08,
112,367001,fist_contact,2025-01-22,2025-02-01
112,367001,presentation,2025-02-02,2025-02-08
112,367001,contract_negotiation,2025-02-09,2025-03-03
112,367001,legal_review,2025-03-04,2025-03-12
112,367001,contract_signed,2025-03-13,
113,367002,fist_contact,2025-01-31,2025-02-03
113,367002,presentation,2025-02-04,2025-02-10
113,367002,contract_negotiation,2025-02-11,2025-02-17
113,367002,legal_review,2025-02-18,2025-02-27
113,367002,contract_signed,2025-02-28,
114,376005,fist_contact,2025-02-03,2025-02-11
114,376005,presentation,2025-02-12,2025-02-17
114,376005,contract_negotiation,2025-02-18,2025-02-22
114,376005,legal_review,2025-02-23,2025-03-05
114,376005,contract_signed,2025-03-06,
115,367003,fist_contact,2025-01-17,2025-01-26
115,367003,presentation,2025-01-27,2025-02-06
115,367003,contract_negotiation,2025-02-07,2025-02-13
115,367003,legal_review,2025-02-14,2025-02-19
115,367003,contract_signed,2025-02-20,
116,367001,fist_contact,2025-01-31,2025-02-01
116,367001,presentation,2025-02-02,2025-02-05
116,367001,contract_negotiation,2025-02-06,2025-02-09
116,367001,legal_review,2025-02-10,2025-02-13
116,367001,lost,2025-02-14,
117,367001,fist_contact,2025-01-11,2025-01-13
117,367001,presentation,2025-01-14,2025-01-17
117,367001,contract_negotiation,2025-01-18,2025-01-19
117,367001,legal_review,2025-01-20,2025-01-23
117,367001,lost,2025-01-24,
118,367003,fist_contact,2025-01-16,2025-01-22
118,367003,presentation,2025-01-23,2025-02-11
118,367003,contract_negotiation,2025-02-12,2025-02-28
118,367003,legal_review,2025-03-01,2025-03-08
118,367003,contract_signed,2025-03-09,
119,367003,fist_contact,2025-01-25,2025-02-14
119,367003,presentation,2025-02-15,2025-03-10
119,367003,contract_negotiation,2025-03-11,2025-03-28
119,367003,legal_review,2025-03-29,2025-04-17
119,367003,contract_signed,2025-04-18,
120,367001,fist_contact,2025-01-23,2025-02-01
120,367001,presentation,2025-02-02,2025-02-27
120,367001,contract_negotiation,2025-02-28,2025-03-20
120,367001,legal_review,2025-03-21,2025-04-10
120,367001,contract_signed,2025-04-11,
121,376005,fist_contact,2025-01-26,2025-01-29
121,376005,presentation,2025-01-30,2025-02-02
121,376005,contract_negotiation,2025-02-03,2025-02-05
121,376005,legal_review,2025-02-06,2025-02-08
121,376005,contract_signed,2025-02-09,
122,367004,fist_contact,2025-01-15,2025-01-25
122,367004,presentation,2025-01-26,2025-02-01
122,367004,contract_negotiation,2025-02-02,2025-02-11
122,367004,legal_review,2025-02-12,2025-02-15
122,367004,lost,2025-02-16,
123,367004,fist_contact,2025-02-02,2025-02-12
123,367004,presentation,2025-02-13,2025-02-20
123,367004,contract_negotiation,2025-02-21,2025-02-28
123,367004,legal_review,2025-03-01,2025-03-10
123,367004,lost,2025-03-11,
124,367002,fist_contact,2025-01-07,2025-01-10
124,367002,presentation,2025-01-11,2025-01-13
124,367002,contract_negotiation,2025-01-14,2025-01-15
124,367002,legal_review,2025-01-16,2025-01-19
124,367002,contract_signed,2025-01-20,
125,367004,fist_contact,2025-01-07,2025-01-26
125,367004,presentation,2025-01-27,2025-02-02
125,367004,contract_negotiation,2025-02-03,2025-02-10
125,367004,legal_review,2025-02-11,2025-02-22
125,367004,contract_signed,2025-02-23,
126,367001,fist_contact,2025-01-12,2025-01-31
126,367001,presentation,2025-02-01,2025-02-16
126,367001,contract_negotiation,2025-02-17,2025-02-22
126,367001,legal_review,2025-02-23,2025-03-05
126,367001,contract_signed,2025-03-06,
127,367002,fist_contact,2025-01-16,2025-02-07
127,367002,presentation,2025-02-08,2025-03-02
127,367002,contract_negotiation,2025-03-03,2025-03-16
127,367002,legal_review,2025-03-17,2025-04-01
127,367002,contract_signed,2025-04-02,
128,367003,fist_contact,2025-01-15,2025-02-07
128,367003,presentation,2025-02-08,2025-03-01
128,367003,contract_negotiation,2025-03-02,2025-03-11
128,367003,legal_review,2025-03-12,2025-03-24
128,367003,contract_signed,2025-03-25,
129,367001,fist_contact,2025-01-23,2025-02-06
129,367001,presentation,2025-02-07,2025-02-27
129,367001,contract_negotiation,2025-02-28,2025-03-07
129,367001,legal_review,2025-03-08,2025-04-01
129,367001,lost,2025-04-02,
130,376005,fist_contact,2025-02-04,2025-02-22
130,376005,presentation,2025-02-23,2025-03-09
130,376005,contract_negotiation,2025-03-10,2025-03-23
130,376005,legal_review,2025-03-24,2025-03-29
130,376005,lost,2025-03-30,
131,367001,fist_contact,2025-01-27,2025-02-04
131,367001,presentation,2025-02-05,2025-02-12
131,367001,contract_negotiation,2025-02-13,2025-02-23
131,367001,legal_review,2025-02-24,2025-03-06
131,367001,contract_signed,2025-03-07,
132,376005,fist_contact,2025-02-01,2025-02-09
132,376005,presentation,2025-02-10,2025-02-16
132,376005,contract_negotiation,2025-02-17,2025-02-20
132,376005,legal_review,2025-02-21,2025-02-24
132,376005,contract_signed,2025-02-25,
133,367004,fist_contact,2025-01-22,2025-01-25
133,367004,presentation,2025-01-26,2025-01-29
133,367004,contract_negotiation,2025-01-30,2025-02-01
133,367004,legal_review,2025-02-02,2025-02-05
133,367004,lost,2025-02-06,
134,367004,fist_contact,2025-01-08,2025-01-10
134,367004,presentation,2025-01-11,2025-01-14
134,367004,contract_negotiation,2025-01-15,2025-01-17
134,367004,legal_review,2025-01-18,2025-01-19
134,367004,contract_signed,2025-01-20,
135,367002,fist_contact,2025-01-06,2025-01-07
135,367002,presentation,2025-01-08,2025-01-10
135,367002,contract_negotiation,2025-01-11,2025-01-13
135,367002,legal_review,2025-01-14,2025-01-17
135,367002,contract_signed,2025-01-18,
136,367001,fist_contact,2025-01-30,2025-02-01
136,367001,presentation,2025-02-02,2025-02-05
136,367001,contract_negotiation,2025-02-06,2025-02-07
136,367001,legal_review,2025-02-08,2025-02-10
136,367001,lost,2025-02-11,
137,367002,fist_contact,2025-01-14,2025-01-22
137,367002,presentation,2025-01-23,2025-01-31
137,367002,contract_negotiation,2025-02-01,2025-02-11
137,367002,legal_review,2025-02-12,2025-02-18
137,367002,lost,2025-02-19,
138,376005,fist_contact,2025-01-17,2025-01-18
138,376005,presentation,2025-01-19,2025-01-21
138,376005,contract_negotiation,2025-01-22,2025-01-23
138,376005,legal_review,2025-01-24,2025-01-27
138,376005,lost,2025-01-28,
139,367004,fist_contact,2025-01-18,2025-01-25
139,367004,presentation,2025-01-26,2025-02-02
139,367004,contract_negotiation,2025-02-03,2025-02-10
139,367004,legal_review,2025-02-11,2025-02-15
139,367004,contract_signed,2025-02-16,
140,376005,fist_contact,2025-01-15,2025-01-16
140,376005,presentation,2025-01-17,2025-01-20
140,376005,contract_negotiation,2025-01-21,2025-01-22
140,376005,legal_review,2025-01-23,2025-01-26
140,376005,contract_signed,2025-01-27,
141,367001,fist_contact,2025-01-25,2025-01-26
141,367001,presentation,2025-01-27,2025-01-28
141,367001,contract_negotiation,2025-01-29,2025-02-01
141,367001,legal_review,2025-02-02,2025-02-04
141,367001,lost,2025-02-05,
142,367001,fist_contact,2025-01-09,2025-01-21
142,367001,presentation,2025-01-22,2025-02-04
142,367001,contract_negotiation,2025-02-05,2025-02-20
142,367001,legal_review,2025-02-21,2025-03-08
142,367001,contract_signed,2025-03-09,
143,367001,fist_contact,2025-01-13,2025-01-16
143,367001,presentation,2025-01-17,2025-01-24
143,367001,contract_negotiation,2025-01-25,2025-02-01
143,367001,legal_review,2025-02-02,2025-02-12
143,367001,contract_signed,2025-02-13,
144,367004,fist_contact,2025-01-28,2025-02-01
144,367004,presentation,2025-02-02,2025-02-07
144,367004,contract_negotiation,2025-02-08,2025-02-12
144,367004,legal_review,2025-02-13,2025-02-16
144,367004,contract_signed,2025-02-17,
145,367004,fist_contact,2025-01-17,2025-02-02
145,367004,presentation,2025-02-03,2025-02-18
145,367004,contract_negotiation,2025-02-19,2025-02-28
145,367004,legal_review,2025-03-01,2025-03-26
145,367004,lost,2025-03-27,
146,367004,fist_contact,2025-01-24,2025-01-30
146,367004,presentation,2025-01-31,2025-02-08
146,367004,contract_negotiation,2025-02-09,2025-02-17
146,367004,legal_review,2025-02-18,2025-02-21
146,367004,contract_signed,2025-02-22,
147,367002,fist_contact,2025-01-07,2025-01-08
147,367002,presentation,2025-01-09,2025-01-10
147,367002,contract_negotiation,2025-01-11,2025-01-13
147,367002,legal_review,2025-01-14,2025-01-15
147,367002,contract_signed,2025-01-16,
148,367001,fist_contact,2025-01-29,2025-02-01
148,367001,presentation,2025-02-02,2025-02-05
148,367001,contract_negotiation,2025-02-06,2025-02-07
148,367001,legal_review,2025-02-08,2025-02-11
148,367001,lost,2025-02-12,
149,367001,fist_contact,2025-01-15,2025-01-18
149,367001,presentation,2025-01-19,2025-01-24
149,367001,contract_negotiation,2025-01-25,2025-02-03
149,367001,legal_review,2025-02-04,2025-02-10
149,367001,contract_signed,2025-02-11,
150,367003,fist_contact,2025-01-08,2025-01-25
150,367003,presentation,2025-01-26,2025-02-02
150,367003,contract_negotiation,2025-02-03,2025-02-20
150,367003,legal_review,2025-02-21,2025-03-14
150,367003,contract_signed,2025-03-15,
151,367003,fist_contact,2025-02-04,2025-02-27
151,367003,presentation,2025-02-28,2025-03-07
151,367003,contract_negotiation,2025-03-08,2025-03-20
151,367003,legal_review,2025-03-21,2025-03-28
151,367003,contract_signed,2025-03-29,
152,367004,fist_contact,2025-01-10,2025-01-13
152,367004,presentation,2025-01-14,2025-01-17
152,367004,contract_negotiation,2025-01-18,2025-01-21
152,367004,legal_review,2025-01-22,2025-01-24
152,367004,lost,2025-01-25,
153,367004,fist_contact,2025-01-26,2025-01-30
153,367004,presentation,2025-01-31,2025-02-10
153,367004,contract_negotiation,2025-02-11,2025-02-18
153,367004,legal_review,2025-02-19,2025-02-23
153,367004,contract_signed,2025-02-24,
154,376005,fist_contact,2025-02-01,2025-02-06
154,376005,presentation,2025-02-07,2025-02-11
154,376005,contract_negotiation,2025-02-12,2025-02-15
154,376005,legal_review,2025-02-16,2025-02-26
154,376005,contract_signed,2025-02-27,
155,367001,fist_contact,2025-02-03,2025-02-06
155,367001,presentation,2025-02-07,2025-02-10
155,367001,contract_negotiation,2025-02-11,2025-02-12
155,367001,legal_review,2025-02-13,2025-02-14
155,367001,contract_signed,2025-02-15,
156,367002,fist_contact,2025-01-11,2025-01-28
156,367002,presentation,2025-01-29,2025-02-04
156,367002,contract_negotiation,2025-02-05,2025-02-27
156,367002,legal_review,2025-02-28,2025-03-10
156,367002,contract_signed,2025-03-11,
157,367003,fist_contact,2025-01-29,2025-02-01
157,367003,presentation,2025-02-02,2025-02-03
157,367003,contract_negotiation,2025-02-04,2025-02-05
157,367003,legal_review,2025-02-06,2025-02-07
157,367003,contract_signed,2025-02-08,
158,367003,fist_contact,2025-01-22,2025-01-26
158,367003,presentation,2025-01-27,2025-02-02
158,367003,contract_negotiation,2025-02-03,2025-02-12
158,367003,legal_review,2025-02-13,2025-02-22
158,367003,lost,2025-02-23,
159,367002,fist_contact,2025-01-06,2025-01-13
159,367002,presentation,2025-01-14,2025-01-21
159,367002,contract_negotiation,2025-01-22,2025-02-03
159,367002,legal_review,2025-02-04,2025-02-25
159,367002,contract_signed,2025-02-26,
160,367003,fist_contact,2025-02-04,2025-02-08
160,367003,presentation,2025-02-09,2025-02-15
160,367003,contract_negotiation,2025-02-16,2025-02-21
160,367003,legal_review,2025-02-22,2025-03-01
160,367003,contract_signed,2025-03-02,
161,367004,fist_contact,2025-02-03,2025-02-10
161,367004,presentation,2025-02-11,2025-02-17
161,367004,contract_negotiation,2025-02-18,2025-02-26
161,367004,legal_review,2025-02-27,2025-03-04
161,367004,contract_signed,2025-03-05,
162,367002,fist_contact,2025-01-29,2025-02-07
162,367002,presentation,2025-02-08,2025-02-23
162,367002,contract_negotiation,2025-02-24,2025-03-02
162,367002,legal_review,2025-03-03,2025-03-12
162,367002,contract_signed,2025-03-13,
163,376005,fist_contact,2025-01-20,2025-02-10
163,376005,presentation,2025-02-11,2025-02-17
163,376005,contract_negotiation,2025-02-18,2025-03-09
163,376005,legal_review,2025-03-10,2025-03-30
163,376005,contract_signed,2025-03-31,
164,367004,fist_contact,2025-01-21,2025-01-31
164,367004,presentation,2025-02-01,2025-02-11
164,367004,contract_negotiation,2025-02-12,2025-03-08
164,367004,legal_review,2025-03-09,2025-03-24
164,367004,lost,2025-03-25,
165,367001,fist_contact,2025-01-19,2025-01-23
165,367001,presentation,2025-01-24,2025-01-28
165,367001,contract_negotiation,2025-01-29,2025-02-02
165,367001,legal_review,2025-02-03,2025-02-10
165,367001,lost,2025-02-11,
166,367001,fist_contact,2025-01-26,2025-02-18
166,367001,presentation,2025-02-19,2025-02-26
166,367001,contract_negotiation,2025-02-27,2025-03-18
166,367001,legal_review,2025-03-19,2025-04-02
166,367001,lost,2025-04-03,
167,367002,fist_contact,2025-02-03,2025-02-07
167,367002,presentation,2025-02-08,2025-02-11
167,367002,contract_negotiation,2025-02-12,2025-02-21
167,367002,legal_review,2025-02-22,2025-02-27
167,367002,contract_signed,2025-02-28,
168,367003,fist_contact,2025-01-15,2025-01-17
168,367003,presentation,2025-01-18,2025-01-21
168,367003,contract_negotiation,2025-01-22,2025-01-24
168,367003,legal_review,2025-01-25,2025-01-26
168,367003,contract_signed,2025-01-27,
169,376005,fist_contact,2025-01-12,2025-01-15
169,376005,presentation,2025-01-16,2025-01-19
169,376005,contract_negotiation,2025-01-20,2025-01-23
169,376005,legal_review,2025-01-24,2025-01-27
169,376005,lost,2025-01-28,
170,367002,fist_contact,2025-01-25,2025-01-28
170,367002,presentation,2025-01-29,2025-01-30
170,367002,contract_negotiation,2025-01-31,2025-02-03
170,367002,legal_review,2025-02-04,2025-02-07
170,367002,contract_signed,2025-02-08,
171,367001,fist_contact,2025-01-15,2025-01-25
171,367001,presentation,2025-01-26,2025-02-03
171,367001,contract_negotiation,2025-02-04,2025-02-10
171,367001,legal_review,2025-02-11,2025-02-18
171,367001,contract_signed,2025-02-19,
172,367004,fist_contact,2025-01-11,2025-01-21
172,367004,presentation,2025-01-22,2025-01-30
172,367004,contract_negotiation,2025-01-31,2025-02-09
172,367004,legal_review,2025-02-10,2025-02-18
172,367004,contract_signed,2025-02-19,
173,376005,fist_contact,2025-02-01,2025-02-03
173,376005,presentation,2025-02-04,2025-02-06
173,376005,contract_negotiation,2025-02-07,2025-02-09
173,376005,legal_review,2025-02-10,2025-02-11
173,376005,lost,2025-02-12,
174,376005,fist_contact,2025-02-02,2025-02-12
174,376005,presentation,2025-02-13,2025-03-06
174,376005,contract_negotiation,2025-03-07,2025-03-29
174,376005,legal_review,2025-03-30,2025-04-21
174,376005,contract_signed,2025-04-22,
175,376005,fist_contact,2025-02-04,2025-02-12
175,376005,presentation,2025-02-13,2025-02-19
175,376005,contract_negotiation,2025-02-20,2025-03-01
175,376005,legal_review,2025-03-02,2025-03-12
175,376005,contract_signed,2025-03-13,
176,376005,fist_contact,2025-01-11,2025-01-12
176,376005,presentation,2025-01-13,2025-01-16
176,376005,contract_negotiation,2025-01-17,2025-01-20
176,376005,legal_review,2025-01-21,2025-01-22
176,376005,lost,2025-01-23,
177,367004,fist_contact,2025-01-13,2025-01-17
177,367004,presentation,2025-01-18,2025-01-22
177,367004,contract_negotiation,2025-01-23,2025-01-28
177,367004,legal_review,2025-01-29,2025-02-04
177,367004,contract_signed,2025-02-05,
178,367002,fist_contact,2025-01-23,2025-02-07
178,367002,presentation,2025-02-08,2025-03-04
178,367002,contract_negotiation,2025-03-05,2025-03-22
178,367002,legal_review,2025-03-23,2025-04-05
178,367002,lost,2025-04-06,
179,376005,fist_contact,2025-01-05,2025-01-06
179,376005,presentation,2025-01-07,2025-01-09
179,376005,contract_negotiation,2025-01-10,2025-01-13
179,376005,legal_review,2025-01-14,2025-01-17
179,376005,contract_signed,2025-01-18,
180,376005,fist_contact,2025-02-03,2025-02-08
180,376005,presentation,2025-02-09,2025-02-17
180,376005,contract_negotiation,2025-02-18,2025-03-10
180,376005,legal_review,2025-03-11,2025-04-04
180,376005,contract_signed,2025-04-05,
181,367001,fist_contact,2025-01-27,2025-02-05
181,367001,presentation,2025-02-06,2025-02-16
181,367001,contract_negotiation,2025-02-17,2025-02-24
181,367001,legal_review,2025-02-25,2025-03-01
181,367001,lost,2025-03-02,
182,376005,fist_contact,2025-01-11,2025-01-21
182,376005,presentation,2025-01-22,2025-01-27
182,376005,contract_negotiation,2025-01-28,2025-02-07
182,376005,legal_review,2025-02-08,2025-02-15
182,376005,lost,2025-02-16,
183,367001,fist_contact,2025-01-23,2025-01-26
183,367001,presentation,2025-01-27,2025-01-30
183,367001,contract_negotiation,2025-01-31,2025-02-01
183,367001,legal_review,2025-02-02,2025-02-05
183,367001,lost,2025-02-06,
184,367002,fist_contact,2025-01-17,2025-01-20
184,367002,presentation,2025-01-21,2025-01-25
184,367002,contract_negotiation,2025-01-26,2025-02-01
184,367002,legal_review,2025-02-02,2025-02-10
184,367002,lost,2025-02-11,
185,367004,fist_contact,2025-01-18,2025-01-19
185,367004,presentation,2025-01-20,2025-01-22
185,367004,contract_negotiation,2025-01-23,2025-01-26
185,367004,legal_review,2025-01-27,2025-01-29
185,367004,lost,2025-01-30,
186,367003,fist_contact,2025-01-14,2025-01-19
186,367003,presentation,2025-01-20,2025-02-10
186,367003,contract_negotiation,2025-02-11,2025-02-17
186,367003,legal_review,2025-02-18,2025-03-04
186,367003,contract_signed,2025-03-05,
187,367003,fist_contact,2025-01-31,2025-02-01
187,367003,presentation,2025-02-02,2025-02-04
187,367003,contract_negotiation,2025-02-05,2025-02-06
187,367003,legal_review,2025-02-07,2025-02-08
187,367003,contract_signed,2025-02-09,
188,376005,fist_contact,2025-01-10,2025-01-16
188,376005,presentation,2025-01-17,2025-01-26
188,376005,contract_negotiation,2025-01-27,2025-01-31
188,376005,legal_review,2025-02-01,2025-02-08
188,376005,contract_signed,2025-02-09,
189,367003,fist_contact,2025-01-30,2025-02-22
189,367003,presentation,2025-02-23,2025-03-20
189,367003,contract_negotiation,2025-03-21,2025-04-01
189,367003,legal_review,2025-04-02,2025-04-08
189,367003,contract_signed,2025-04-09,
190,367004,fist_contact,2025-01-21,2025-01-29
190,367004,presentation,2025-01-30,2025-02-15
190,367004,contract_negotiation,2025-02-16,2025-03-09
190,367004,legal_review,2025-03-10,2025-03-22
190,367004,contract_signed,2025-03-23,
191,367003,fist_contact,2025-01-11,2025-01-14
191,367003,presentation,2025-01-15,2025-01-21
191,367003,contract_negotiation,2025-01-22,2025-02-01
191,367003,legal_review,2025-02-02,2025-02-06
191,367003,contract_signed,2025-02-07,
192,367004,fist_contact,2025-01-16,2025-01-26
192,367004,presentation,2025-01-27,2025-02-04
192,367004,contract_negotiation,2025-02-05,2025-02-12
192,367004,legal_review,2025-02-13,2025-02-22
192,367004,contract_signed,2025-02-23,
193,367004,fist_contact,2025-01-15,2025-01-18
193,367004,presentation,2025-01-19,2025-01-23
193,367004,contract_negotiation,2025-01-24,2025-02-02
193,367004,legal_review,2025-02-03,2025-02-10
193,367004,lost,2025-02-11,
194,367002,fist_contact,2025-01-17,2025-01-19
194,367002,presentation,2025-01-20,2025-01-23
194,367002,contract_negotiation,2025-01-24,2025-01-25
194,367002,legal_review,2025-01-26,2025-01-28
194,367002,contract_signed,2025-01-29,
195,367001,fist_contact,2025-01-16,2025-01-23
195,367001,presentation,2025-01-24,2025-02-01
195,367001,contract_negotiation,2025-02-02,2025-02-07
195,367001,legal_review,2025-02-08,2025-02-13
195,367001,lost,2025-02-14,
196,367004,fist_contact,2025-01-31,2025-02-01
196,367004,presentation,2025-02-02,2025-02-04
196,367004,contract_negotiation,2025-02-05,2025-02-08
196,367004,legal_review,2025-02-09,2025-02-11
196,367004,lost,2025-02-12,
197,367001,fist_contact,2025-01-06,2025-01-12
197,367001,presentation,2025-01-13,2025-01-16
197,367001,contract_negotiation,2025-01-17,2025-01-26
197,367001,legal_review,2025-01-27,2025-02-06
197,367001,lost,2025-02-07,
198,367004,fist_contact,2025-01-15,2025-02-01
198,367004,presentation,2025-02-02,2025-02-10
198,367004,contract_negotiation,2025-02-11,2025-02-25
198,367004,legal_review,2025-02-26,2025-03-21
198,367004,contract_signed,2025-03-22,
199,367002,fist_contact,2025-01-28,2025-01-29
199,367002,presentation,2025-01-30,2025-01-31
199,367002,contract_negotiation,2025-02-01,2025-02-03
199,367002,legal_review,2025-02-04,2025-02-07
199,367002,contract_signed,2025-02-08,
200,367003,fist_contact,2025-01-29,2025-02-09
200,367003,presentation,2025-02-10,2025-02-27
200,367003,contract_negotiation,2025-02-28,2025-03-23
200,367003,legal_review,2025-03-24,2025-04-16
200,367003,contract_signed,2025-04-17,
201,376005,fist_contact,2025-01-05,2025-01-10
201,376005,presentation,2025-01-11,2025-01-16
201,376005,contract_negotiation,2025-01-17,2025-01-20
201,376005,legal_review,2025-01-21,2025-01-26
201,376005,contract_signed,2025-01-27,
202,367004,fist_contact,2025-02-01,2025-02-21
202,367004,presentation,2025-02-22,2025-03-02
202,367004,contract_negotiation,2025-03-03,2025-03-13
202,367004,legal_review,2025-03-14,2025-03-28
202,367004,contract_signed,2025-03-29,
203,367002,fist_contact,2025-02-02,2025-02-16
203,367002,presentation,2025-02-17,2025-03-05
203,367002,contract_negotiation,2025-03-06,2025-03-28
203,367002,legal_review,2025-03-29,2025-04-06
203,367002,lost,2025-04-07,
204,367004,fist_contact,2025-01-19,2025-01-28
204,367004,presentation,2025-01-29,2025-02-08
204,367004,contract_negotiation,2025-02-09,2025-02-16
204,367004,legal_review,2025-02-17,2025-02-22
204,367004,contract_signed,2025-02-23,
205,376005,fist_contact,2025-02-03,2025-02-13
205,376005,presentation,2025-02-14,2025-02-22
205,376005,contract_negotiation,2025-02-23,2025-03-04
205,376005,legal_review,2025-03-05,2025-03-13
205,376005,contract_signed,2025-03-14,
206,367002,fist_contact,2025-01-28,2025-02-19
206,367002,presentation,2025-02-20,2025-03-03
206,367002,contract_negotiation,2025-03-04,2025-03-28
206,367002,legal_review,2025-03-29,2025-04-11
206,367002,contract_signed,2025-04-12,
207,376005,fist_contact,2025-01-31,2025-02-10
207,376005,presentation,2025-02-11,2025-02-21
207,376005,contract_negotiation,2025-02-22,2025-03-04
207,376005,legal_review,2025-03-05,2025-03-15
207,376005,lost,2025-03-16,
208,367002,fist_contact,2025-01-18,2025-02-03
208,367002,presentation,2025-02-04,2025-02-13
208,367002,contract_negotiation,2025-02-14,2025-02-25
208,367002,legal_review,2025-02-26,2025-03-15
208,367002,contract_signed,2025-03-16,
209,376005,fist_contact,2025-01-31,2025-02-09
209,376005,presentation,2025-02-10,2025-02-19
209,376005,contract_negotiation,2025-02-20,2025-02-28
209,376005,legal_review,2025-03-01,2025-03-07
209,376005,lost,2025-03-08,
210,376005,fist_contact,2025-01-26,2025-02-03
210,376005,presentation,2025-02-04,2025-03-01
210,376005,contract_negotiation,2025-03-02,2025-03-09
210,376005,legal_review,2025-03-10,2025-03-19
210,376005,contract_signed,2025-03-20,
211,376005,fist_contact,2025-01-22,2025-01-30
211,376005,presentation,2025-01-31,2025-02-07
211,376005,contract_negotiation,2025-02-08,2025-02-11
211,376005,legal_review,2025-02-12,2025-02-18
211,376005,contract_signed,2025-02-19,
212,376005,fist_contact,2025-01-21,2025-01-23
212,376005,presentation,2025-01-24,2025-01-27
212,376005,contract_negotiation,2025-01-28,2025-01-29
212,376005,legal_review,2025-01-30,2025-02-02
212,376005,contract_signed,2025-02-03,
213,367002,fist_contact,2025-01-07,2025-01-17
213,367002,presentation,2025-01-18,2025-01-24
213,367002,contract_negotiation,2025-01-25,2025-02-17
213,367002,legal_review,2025-02-18,2025-02-28
213,367002,lost,2025-03-01,
214,367004,fist_contact,2025-01-18,2025-02-02
214,367004,presentation,2025-02-03,2025-02-15
214,367004,contract_negotiation,2025-02-16,2025-03-06
214,367004,legal_review,2025-03-07,2025-03-14
214,367004,contract_signed,2025-03-15,
215,376005,fist_contact,2025-01-18,2025-01-20
215,376005,presentation,2025-01-21,2025-01-22
215,376005,contract_negotiation,2025-01-23,2025-01-26
215,376005,legal_review,2025-01-27,2025-01-28
215,376005,lost,2025-01-29,
216,376005,fist_contact,2025-02-01,2025-02-07
216,376005,presentation,2025-02-08,2025-02-14
216,376005,contract_negotiation,2025-02-15,2025-02-24
216,376005,legal_review,2025-02-25,2025-02-28
216,376005,contract_signed,2025-03-01,
217,367003,fist_contact,2025-01-22,2025-02-04
217,367003,presentation,2025-02-05,2025-02-23
217,367003,contract_negotiation,2025-02-24,2025-03-03
217,367003,legal_review,2025-03-04,2025-03-27
217,367003,contract_signed,2025-03-28,
218,367001,fist_contact,2025-01-15,2025-01-26
218,367001,presentation,2025-01-27,2025-02-15
218,367001,contract_negotiation,2025-02-16,2025-03-12
218,367001,legal_review,2025-03-13,2025-04-01
218,367001,contract_signed,2025-04-02,
219,367001,fist_contact,2025-01-06,2025-01-14
219,367001,presentation,2025-01-15,2025-01-21
219,367001,contract_negotiation,2025-01-22,2025-02-01
219,367001,legal_review,2025-02-02,2025-02-11
219,367001,lost,2025-02-12,
220,367002,fist_contact,2025-02-04,2025-02-12
220,367002,presentation,2025-02-13,2025-02-21
220,367002,contract_negotiation,2025-02-22,2025-02-27
220,367002,legal_review,2025-02-28,2025-03-06
220,367002,lost,2025-03-07,
221,367003,fist_contact,2025-01-06,2025-01-09
221,367003,presentation,2025-01-10,2025-01-12
221,367003,contract_negotiation,2025-01-13,2025-01-15
221,367003,legal_review,2025-01-16,2025-01-18
221,367003,contract_signed,2025-01-19,
222,367003,fist_contact,2025-01-17,2025-01-18
222,367003,presentation,2025-01-19,2025-01-22
222,367003,contract_negotiation,2025-01-23,2025-01-25
222,367003,legal_review,2025-01-26,2025-01-27
222,367003,contract_signed,2025-01-28,
223,376005,fist_contact,2025-01-30,2025-02-02
223,376005,presentation,2025-02-03,2025-02-05
223,376005,contract_negotiation,2025-02-06,2025-02-07
223,376005,legal_review,2025-02-08,2025-02-09
223,376005,contract_signed,2025-02-10,
224,367002,fist_contact,2025-01-17,2025-01-29
224,367002,presentation,2025-01-30,2025-02-08
224,367002,contract_negotiation,2025-02-09,2025-02-23
224,367002,legal_review,2025-02-24,2025-03-17
224,367002,contract_signed,2025-03-18,
225,367001,fist_contact,2025-01-29,2025-02-06
225,367001,presentation,2025-02-07,2025-02-22
225,367001,contract_negotiation,2025-02-23,2025-02-28
225,367001,legal_review,2025-03-01,2025-03-24
225,367001,contract_signed,2025-03-25,
226,376005,fist_contact,2025-01-09,2025-01-12
226,376005,presentation,2025-01-13,2025-01-15
226,376005,contract_negotiation,2025-01-16,2025-01-18
226,376005,legal_review,2025-01-19,2025-01-21
226,376005,contract_signed,2025-01-22,
227,367002,fist_contact,2025-02-01,2025-02-03
227,367002,presentation,2025-02-04,2025-02-07
227,367002,contract_negotiation,2025-02-08,2025-02-11
227,367002,legal_review,2025-02-12,2025-02-15
227,367002,contract_signed,2025-02-16,
228,367003,fist_contact,2025-01-10,2025-01-13
228,367003,presentation,2025-01-14,2025-01-17
228,367003,contract_negotiation,2025-01-18,2025-01-21
228,367003,legal_review,2025-01-22,2025-01-23
228,367003,contract_signed,2025-01-24,
229,376005,fist_contact,2025-01-07,2025-01-15
229,376005,presentation,2025-01-16,2025-01-26
229,376005,contract_negotiation,2025-01-27,2025-02-06
229,376005,legal_review,2025-02-07,2025-02-11
229,376005,contract_signed,2025-02-12,
230,376005,fist_contact,2025-01-18,2025-02-09
230,376005,presentation,2025-02-10,2025-02-25
230,376005,contract_negotiation,2025-02-26,2025-03-16
230,376005,legal_review,2025-03-17,2025-03-27
230,376005,lost,2025-03-28,
231,367003,fist_contact,2025-01-17,2025-01-19
231,367003,presentation,2025-01-20,2025-01-23
231,367003,contract_negotiation,2025-01-24,2025-01-25
231,367003,legal_review,2025-01-26,2025-01-28
231,367003,contract_signed,2025-01-29,
232,367001,fist_contact,2025-01-28,2025-02-03
232,367001,presentation,2025-02-04,2025-02-09
232,367001,contract_negotiation,2025-02-10,2025-02-15
232,367001,legal_review,2025-02-16,2025-02-19
232,367001,contract_signed,2025-02-20,
233,367001,fist_contact,2025-02-02,2025-02-25
233,367001,presentation,2025-02-26,2025-03-14
233,367001,contract_negotiation,2025-03-15,2025-03-30
233,367001,legal_review,2025-03-31,2025-04-20
233,367001,contract_signed,2025-04-21,
234,376005,fist_contact,2025-01-07,2025-01-10
234,376005,presentation,2025-01-11,2025-01-14
234,376005,contract_negotiation,2025-01-15,2025-01-18
234,376005,legal_review,2025-01-19,2025-01-20
234,376005,lost,2025-01-21,
235,367004,fist_contact,2025-01-27,2025-01-28
235,367004,presentation,2025-01-29,2025-02-01
235,367004,contract_negotiation,2025-02-02,2025-02-03
235,367004,legal_review,2025-02-04,2025-02-06
235,367004,contract_signed,2025-02-07,
236,376005,fist_contact,2025-01-19,2025-01-26
236,376005,presentation,2025-01-27,2025-02-05
236,376005,contract_negotiation,2025-02-06,2025-02-13
236,376005,legal_review,2025-02-14,2025-02-21
236,376005,contract_signed,2025-02-22,
237,376005,fist_contact,2025-01-15,2025-01-17
237,376005,presentation,2025-01-18,2025-01-19
237,376005,contract_negotiation,2025-01-20,2025-01-23
237,376005,legal_review,2025-01-24,2025-01-26
237,376005,lost,2025-01-27,
238,367004,fist_contact,2025-01-06,2025-01-09
238,367004,presentation,2025-01-10,2025-01-12
238,367004,contract_negotiation,2025-01-13,2025-01-16
238,367004,legal_review,2025-01-17,2025-01-18
238,367004,lost,2025-01-19,
239,367003,fist_contact,2025-01-13,2025-01-22
239,367003,presentation,2025-01-23,2025-01-30
239,367003,contract_negotiation,2025-01-31,2025-02-03
239,367003,legal_review,2025-02-04,2025-02-14
239,367003,contract_signed,2025-02-15,
240,367004,fist_contact,2025-01-21,2025-01-22
240,367004,presentation,2025-01-23,2025-01-24
240,367004,contract_negotiation,2025-01-25,2025-01-26
240,367004,legal_review,2025-01-27,2025-01-30
240,367004,lost,2025-01-31,
241,367001,fist_contact,2025-01-23,2025-01-25
241,367001,presentation,2025-01-26,2025-01-28
241,367001,contract_negotiation,2025-01-29,2025-02-01
241,367001,legal_review,2025-02-02,2025-02-04
241,367001,contract_signed,2025-02-05,
242,367004,fist_contact,2025-02-02,2025-02-07
242,367004,presentation,2025-02-08,2025-02-13
242,367004,contract_negotiation,2025-02-14,2025-02-21
242,367004,legal_review,2025-02-22,2025-02-28
242,367004,lost,2025-03-01,
243,376005,fist_contact,2025-01-09,2025-01-10
243,376005,presentation,2025-01-11,2025-01-12
243,376005,contract_negotiation,2025-01-13,2025-01-15
243,376005,legal_review,2025-01-16,2025-01-17
243,376005,lost,2025-01-18,
244,367002,fist_contact,2025-01-29,2025-02-08
244,367002,presentation,2025-02-09,2025-03-01
244,367002,contract_negotiation,2025-03-02,2025-03-17
244,367002,legal_review,2025-03-18,2025-03-26
244,367002,lost,2025-03-27,
245,367002,fist_contact,2025-01-31,2025-02-14
245,367002,presentation,2025-02-15,2025-02-25
245,367002,contract_negotiation,2025-02-26,2025-03-14
245,367002,legal_review,2025-03-15,2025-04-02
245,367002,contract_signed,2025-04-03,
246,367001,fist_contact,2025-01-26,2025-01-28
246,367001,presentation,2025-01-29,2025-01-30
246,367001,contract_negotiation,2025-01-31,2025-02-02
246,367001,legal_review,2025-02-03,2025-02-05
246,367001,contract_signed,2025-02-06,
247,367003,fist_contact,2025-01-30,2025-02-07
247,367003,presentation,2025-02-08,2025-02-18
247,367003,contract_negotiation,2025-02-19,2025-03-10
247,367003,legal_review,2025-03-11,2025-03-24
247,367003,lost,2025-03-25,
248,367003,fist_contact,2025-01-10,2025-01-16
248,367003,presentation,2025-01-17,2025-01-23
248,367003,contract_negotiation,2025-01-24,2025-02-01
248,367003,legal_review,2025-02-02,2025-02-07
248,367003,contract_signed,2025-02-08,
249,367003,fist_contact,2025-01-09,2025-01-12
249,367003,presentation,2025-01-13,2025-01-16
249,367003,contract_negotiation,2025-01-17,2025-01-18
249,367003,legal_review,2025-01-19,2025-01-20
249,367003,contract_signed,2025-01-21,
250,367003,fist_contact,2025-01-30,2025-02-13
250,367003,presentation,2025-02-14,2025-03-09
250,367003,contract_negotiation,2025-03-10,2025-03-18
250,367003,legal_review,2025-03-19,2025-03-31
250,367003,contract_signed,2025-04-01,
251,367001,fist_contact,2025-01-07,2025-01-23
251,367001,presentation,2025-01-24,2025-02-10
251,367001,contract_negotiation,2025-02-11,2025-03-03
251,367001,legal_review,2025-03-04,2025-03-14
251,367001,lost,2025-03-15,
252,367001,fist_contact,2025-01-28,2025-02-05
252,367001,presentation,2025-02-06,2025-02-11
252,367001,contract_negotiation,2025-02-12,2025-02-16
252,367001,legal_review,2025-02-17,2025-02-25
252,367001,lost,2025-02-26,
253,367004,fist_contact,2025-01-23,2025-01-25
253,367004,presentation,2025-01-26,2025-01-27
253,367004,contract_negotiation,2025-01-28,2025-01-29
253,367004,legal_review,2025-01-30,2025-02-01
253,367004,contract_signed,2025-02-02,
254,367002,fist_contact,2025-01-19,2025-01-22
254,367002,presentation,2025-01-23,2025-02-02
254,367002,contract_negotiation,2025-02-03,2025-02-06
254,367002,legal_review,2025-02-07,2025-02-11
254,367002,contract_signed,2025-02-12,
255,367004,fist_contact,2025-01-29,2025-02-04
255,367004,presentation,2025-02-05,2025-02-08
255,367004,contract_negotiation,2025-02-09,2025-02-15
255,367004,legal_review,2025-02-16,2025-02-24
255,367004,contract_signed,2025-02-25,
256,367001,fist_contact,2025-01-22,2025-01-29
256,367001,presentation,2025-01-30,2025-02-06
256,367001,contract_negotiation,2025-02-07,2025-02-11
256,367001,legal_review,2025-02-12,2025-02-17
256,367001,contract_signed,2025-02-18,
257,367002,fist_contact,2025-01-10,2025-01-28
257,367002,presentation,2025-01-29,2025-02-05
257,367002,contract_negotiation,2025-02-06,2025-02-26
257,367002,legal_review,2025-02-27,2025-03-05
257,367002,lost,2025-03-06,
258,367002,fist_contact,2025-01-25,2025-01-29
258,367002,presentation,2025-01-30,2025-02-04
258,367002,contract_negotiation,2025-02-05,2025-02-08
258,367002,legal_review,2025-02-09,2025-02-15
258,367002,lost,2025-02-16,
259,367001,fist_contact,2025-02-01,2025-02-02
259,367001,presentation,2025-02-03,2025-02-04
259,367001,contract_negotiation,2025-02-05,2025-02-08
259,367001,legal_review,2025-02-09,2025-02-11
259,367001,lost,2025-02-12,
260,367004,fist_contact,2025-01-13,2025-01-19
260,367004,presentation,2025-01-20,2025-02-06
260,367004,contract_negotiation,2025-02-07,2025-02-20
260,367004,legal_review,2025-02-21,2025-03-06
260,367004,lost,2025-03-07,
261,367002,fist_contact,2025-01-06,2025-01-08
261,367002,presentation,2025-01-09,2025-01-11
261,367002,contract_negotiation,2025-01-12,2025-01-15
261,367002,legal_review,2025-01-16,2025-01-17
261,367002,contract_signed,2025-01-18,
262,376005,fist_contact,2025-01-20,2025-01-24
262,376005,presentation,2025-01-25,2025-02-03
262,376005,contract_negotiation,2025-02-04,2025-02-11
262,376005,legal_review,2025-02-12,2025-02-20
262,376005,lost,2025-02-21,
263,376005,fist_contact,2025-02-04,2025-02-19
263,376005,presentation,2025-02-20,2025-03-14
263,376005,contract_negotiation,2025-03-15,2025-03-22
263,376005,legal_review,2025-03-23,2025-04-10
263,376005,lost,2025-04-11,
264,367001,fist_contact,2025-01-24,2025-02-06
264,367001,presentation,2025-02-07,2025-02-21
264,367001,contract_negotiation,2025-02-22,2025-02-27
264,367001,legal_review,2025-02-28,2025-03-20
264,367001,contract_signed,2025-03-21,
265,367003,fist_contact,2025-01-06,2025-01-16
265,367003,presentation,2025-01-17,2025-01-24
265,367003,contract_negotiation,2025-01-25,2025-02-08
265,367003,legal_review,2025-02-09,2025-02-24
265,367003,contract_signed,2025-02-25,
266,367001,fist_contact,2025-01-06,2025-01-10
266,367001,presentation,2025-01-11,2025-01-21
266,367001,contract_negotiation,2025-01-22,2025-02-01
266,367001,legal_review,2025-02-02,2025-02-12
266,367001,contract_signed,2025-02-13,
267,367002,fist_contact,2025-01-25,2025-02-04
267,367002,presentation,2025-02-05,2025-02-25
267,367002,contract_negotiation,2025-02-26,2025-03-03
267,367002,legal_review,2025-03-04,2025-03-09
267,367002,contract_signed,2025-03-10,
268,367003,fist_contact,2025-01-29,2025-02-02
268,367003,presentation,2025-02-03,2025-02-13
268,367003,contract_negotiation,2025-02-14,2025-02-21
268,367003,legal_review,2025-02-22,2025-02-28
268,367003,contract_signed,2025-03-01,
269,367003,fist_contact,2025-01-06,2025-01-29
269,367003,presentation,2025-01-30,2025-02-12
269,367003,contract_negotiation,2025-02-13,2025-02-23
269,367003,legal_review,2025-02-24,2025-03-19
269,367003,contract_signed,2025-03-20,
270,367002,fist_contact,2025-01-11,2025-01-14
270,367002,presentation,2025-01-15,2025-01-16
270,367002,contract_negotiation,2025-01-17,2025-01-19
270,367002,legal_review,2025-01-20,2025-01-23
270,367002,contract_signed,2025-01-24,
271,376005,fist_contact,2025-01-25,2025-02-04
271,376005,presentation,2025-02-05,2025-02-13
271,376005,contract_negotiation,2025-02-14,2025-02-22
271,376005,legal_review,2025-02-23,2025-03-04
271,376005,lost,2025-03-05,
272,367001,fist_contact,2025-01-16,2025-02-09
272,367001,presentation,2025-02-10,2025-03-07
272,367001,contract_negotiation,2025-03-08,2025-03-28
272,367001,legal_review,2025-03-29,2025-04-14
272,367001,contract_signed,2025-04-15,
273,367004,fist_contact,2025-01-20,2025-01-26
273,367004,presentation,2025-01-27,2025-02-19
273,367004,contract_negotiation,2025-02-20,2025-03-04
273,367004,legal_review,2025-03-05,2025-03-23
273,367004,contract_signed,2025-03-24,
274,367004,fist_contact,2025-01-18,2025-01-21
274,367004,presentation,2025-01-22,2025-01-23
274,367004,contract_negotiation,2025-01-24,2025-01-25
274,367004,legal_review,2025-01-26,2025-01-28
274,367004,contract_signed,2025-01-29,
275,367004,fist_contact,2025-01-10,2025-01-18
275,367004,presentation,2025-01-19,2025-02-12
275,367004,contract_negotiation,2025-02-13,2025-02-25
275,367004,legal_review,2025-02-26,2025-03-17
275,367004,contract_signed,2025-03-18,
276,367003,fist_contact,2025-01-06,2025-01-15
276,367003,presentation,2025-01-16,2025-01-19
276,367003,contract_negotiation,2025-01-20,2025-01-24
276,367003,legal_review,2025-01-25,2025-02-02
276,367003,contract_signed,2025-02-03,
277,376005,fist_contact,2025-01-10,2025-01-14
277,376005,presentation,2025-01-15,2025-01-23
277,376005,contract_negotiation,2025-01-24,2025-02-01
277,376005,legal_review,2025-02-02,2025-02-11
277,376005,contract_signed,2025-02-12,
278,367004,fist_contact,2025-01-30,2025-02-02
278,367004,presentation,2025-02-03,2025-02-08
278,367004,contract_negotiation,2025-02-09,2025-02-17
278,367004,legal_review,2025-02-18,2025-02-24
278,367004,contract_signed,2025-02-25,
279,367001,fist_contact,2025-01-25,2025-01-31
279,367001,presentation,2025-02-01,2025-02-12
279,367001,contract_negotiation,2025-02-13,2025-02-21
279,367001,legal_review,2025-02-22,2025-03-12
279,367001,contract_signed,2025-03-13,
280,367003,fist_contact,2025-01-22,2025-02-01
280,367003,presentation,2025-02-02,2025-02-11
280,367003,contract_negotiation,2025-02-12,2025-02-21
280,367003,legal_review,2025-02-22,2025-03-04
280,367003,lost,2025-03-05,
281,367004,fist_contact,2025-01-13,2025-01-19
281,367004,presentation,2025-01-20,2025-02-11
281,367004,contract_negotiation,2025-02-12,2025-03-03
281,367004,legal_review,2025-03-04,2025-03-14
281,367004,contract_signed,2025-03-15,
282,367003,fist_contact,2025-01-09,2025-01-11
282,367003,presentation,2025-01-12,2025-01-14
282,367003,contract_negotiation,2025-01-15,2025-01-18
282,367003,legal_review,2025-01-19,2025-01-21
282,367003,contract_signed,2025-01-22,
283,376005,fist_contact,2025-01-27,2025-02-20
283,376005,presentation,2025-02-21,2025-03-08
283,376005,contract_negotiation,2025-03-09,2025-03-14
283,376005,legal_review,2025-03-15,2025-03-22
283,376005,contract_signed,2025-03-23,
284,367004,fist_contact,2025-01-10,2025-01-11
284,367004,presentation,2025-01-12,2025-01-13
284,367004,contract_negotiation,2025-01-14,2025-01-17
284,367004,legal_review,2025-01-18,2025-01-19
284,367004,lost,2025-01-20,
285,367002,fist_contact,2025-01-25,2025-01-28
285,367002,presentation,2025-01-29,2025-02-01
285,367002,contract_negotiation,2025-02-02,2025-02-10
285,367002,legal_review,2025-02-11,2025-02-20
285,367002,contract_signed,2025-02-21,
286,376005,fist_contact,2025-01-09,2025-01-10
286,376005,presentation,2025-01-11,2025-01-14
286,376005,contract_negotiation,2025-01-15,2025-01-18
286,376005,legal_review,2025-01-19,2025-01-22
286,376005,contract_signed,2025-01-23,
287,376005,fist_contact,2025-01-27,2025-02-05
287,376005,presentation,2025-02-06,2025-02-10
287,376005,contract_negotiation,2025-02-11,2025-02-20
287,376005,legal_review,2025-02-21,2025-03-01
287,376005,contract_signed,2025-03-02,
288,367004,fist_contact,2025-02-04,2025-02-10
288,367004,presentation,2025-02-11,2025-02-19
288,367004,contract_negotiation,2025-02-20,2025-02-23
288,367004,legal_review,2025-02-24,2025-03-03
288,367004,contract_signed,2025-03-04,
289,367002,fist_contact,2025-01-15,2025-01-16
289,367002,presentation,2025-01-17,2025-01-20
289,367002,contract_negotiation,2025-01-21,2025-01-22
289,367002,legal_review,2025-01-23,2025-01-25
289,367002,lost,2025-01-26,
290,367003,fist_contact,2025-01-12,2025-01-27
290,367003,presentation,2025-01-28,2025-02-14
290,367003,contract_negotiation,2025-02-15,2025-02-26
290,367003,legal_review,2025-02-27,2025-03-24
290,367003,contract_signed,2025-03-25,
291,367002,fist_contact,2025-01-11,2025-01-14
291,367002,presentation,2025-01-15,2025-01-16
291,367002,contract_negotiation,2025-01-17,2025-01-20
291,367002,legal_review,2025-01-21,2025-01-23
291,367002,contract_signed,2025-01-24,
292,376005,fist_contact,2025-01-26,2025-02-13
292,376005,presentation,2025-02-14,2025-02-24
292,376005,contract_negotiation,2025-02-25,2025-03-22
292,376005,legal_review,2025-03-23,2025-04-09
292,376005,contract_signed,2025-04-10,
293,367003,fist_contact,2025-01-18,2025-01-21
293,367003,presentation,2025-01-22,2025-01-23
293,367003,contract_negotiation,2025-01-24,2025-01-26
293,367003,legal_review,2025-01-27,2025-01-29
293,367003,contract_signed,2025-01-30,
294,367004,fist_contact,2025-01-12,2025-01-17
294,367004,presentation,2025-01-18,2025-01-25
294,367004,contract_negotiation,2025-01-26,2025-02-05
294,367004,legal_review,2025-02-06,2025-02-14
294,367004,contract_signed,2025-02-15,
295,367001,fist_contact,2025-01-25,2025-02-03
295,367001,presentation,2025-02-04,2025-02-07
295,367001,contract_negotiation,2025-02-08,2025-02-13
295,367001,legal_review,2025-02-14,2025-02-20
295,367001,contract_signed,2025-02-21,
296,367001,fist_contact,2025-02-04,2025-02-12
296,367001,presentation,2025-02-13,2025-02-18
296,367001,contract_negotiation,2025-02-19,2025-03-11
296,367001,legal_review,2025-03-12,2025-03-25
296,367001,lost,2025-03-26,
297,367003,fist_contact,2025-01-14,2025-01-17
297,367003,presentation,2025-01-18,2025-01-19
297,367003,contract_negotiation,2025-01-20,2025-01-22
297,367003,legal_review,2025-01-23,2025-01-24
297,367003,contract_signed,2025-01-25,
298,367002,fist_contact,2025-01-20,2025-01-30
298,367002,presentation,2025-01-31,2025-02-06
298,367002,contract_negotiation,2025-02-07,2025-02-13
298,367002,legal_review,2025-02-14,2025-02-24
298,367002,lost,2025-02-25,
299,367001,fist_contact,2025-01-17,2025-01-19
299,367001,presentation,2025-01-20,2025-01-22
299,367001,contract_negotiation,2025-01-23,2025-01-24
299,367001,legal_review,2025-01-25,2025-01-27
299,367001,contract_signed,2025-01-28,
300,376005,fist_contact,2025-01-16,2025-01-19
300,376005,presentation,2025-01-20,2025-01-23
300,376005,contract_negotiation,2025-01-24,2025-01-27
300,376005,legal_review,2025-01-28,2025-01-30
300,376005,contract_signed,2025-01-31,
301,367003,fist_contact,2025-02-01,2025-02-10
301,367003,presentation,2025-02-11,2025-02-18
301,367003,contract_negotiation,2025-02-19,2025-02-25
301,367003,legal_review,2025-02-26,2025-03-06
301,367003,lost,2025-03-07,
302,367002,fist_contact,2025-01-20,2025-01-27
302,367002,presentation,2025-01-28,2025-02-07
302,367002,contract_negotiation,2025-02-08,2025-02-18
302,367002,legal_review,2025-02-19,2025-02-28
302,367002,contract_signed,2025-03-01,
303,367004,fist_contact,2025-02-03,2025-02-12
303,367004,presentation,2025-02-13,2025-02-22
303,367004,contract_negotiation,2025-02-23,2025-03-05
303,367004,legal_review,2025-03-06,2025-03-15
303,367004,contract_signed,2025-03-16,
304,376005,fist_contact,2025-01-11,2025-01-13
304,376005,presentation,2025-01-14,2025-01-17
304,376005,contract_negotiation,2025-01-18,2025-01-20
304,376005,legal_review,2025-01-21,2025-01-23
304,376005,contract_signed,2025-01-24,
305,367004,fist_contact,2025-01-19,2025-01-22
305,367004,presentation,2025-01-23,2025-01-26
305,367004,contract_negotiation,2025-01-27,2025-01-30
305,367004,legal_review,2025-01-31,2025-02-02
305,367004,contract_signed,2025-02-03,
306,367004,fist_contact,2025-01-27,2025-01-30
306,367004,presentation,2025-01-31,2025-02-07
306,367004,contract_negotiation,2025-02-08,2025-02-16
306,367004,legal_review,2025-02-17,2025-02-23
306,367004,contract_signed,2025-02-24,
307,367003,fist_contact,2025-01-11,2025-01-14
307,367003,presentation,2025-01-15,2025-01-16
307,367003,contract_negotiation,2025-01-17,2025-01-19
307,367003,legal_review,2025-01-20,2025-01-21
307,367003,contract_signed,2025-01-22,
308,367004,fist_contact,2025-01-15,2025-01-21
308,367004,presentation,2025-01-22,2025-01-26
308,367004,contract_negotiation,2025-01-27,2025-02-04
308,367004,legal_review,2025-02-05,2025-02-12
308,367004,contract_signed,2025-02-13,
309,367001,fist_contact,2025-01-27,2025-01-30
309,367001,presentation,2025-01-31,2025-02-01
309,367001,contract_negotiation,2025-02-02,2025-02-04
309,367001,legal_review,2025-02-05,2025-02-08
309,367001,contract_signed,2025-02-09,
310,367003,fist_contact,2025-01-13,2025-01-15
310,367003,presentation,2025-01-16,2025-01-19
310,367003,contract_negotiation,2025-01-20,2025-01-23
310,367003,legal_review,2025-01-24,2025-01-27
310,367003,contract_signed,2025-01-28,
311,367003,fist_contact,2025-01-18,2025-01-19
311,367003,presentation,2025-01-20,2025-01-23
311,367003,contract_negotiation,2025-01-24,2025-01-27
311,367003,legal_review,2025-01-28,2025-01-29
311,367003,contract_signed,2025-01-30,
312,367004,fist_contact,2025-01-12,2025-01-19
312,367004,presentation,2025-01-20,2025-01-30
312,367004,contract_negotiation,2025-01-31,2025-02-05
312,367004,legal_review,2025-02-06,2025-02-16
312,367004,lost,2025-02-17,
313,367002,fist_contact,2025-01-17,2025-01-20
313,367002,presentation,2025-01-21,2025-01-23
313,367002,contract_negotiation,2025-01-24,2025-01-26
313,367002,legal_review,2025-01-27,2025-01-29
313,367002,lost,2025-01-30,
314,367002,fist_contact,2025-02-04,2025-02-05
314,367002,presentation,2025-02-06,2025-02-08
314,367002,contract_negotiation,2025-02-09,2025-02-11
314,367002,legal_review,2025-02-12,2025-02-14
314,367002,contract_signed,2025-02-15,
315,367004,fist_contact,2025-02-03,2025-02-13
315,367004,presentation,2025-02-14,2025-02-24
315,367004,contract_negotiation,2025-02-25,2025-03-07
315,367004,legal_review,2025-03-08,2025-03-11
315,367004,contract_signed,2025-03-12,
316,367002,fist_contact,2025-01-08,2025-01-13
316,367002,presentation,2025-01-14,2025-01-24
316,367002,contract_negotiation,2025-01-25,2025-01-30
316,367002,legal_review,2025-01-31,2025-02-06
316,367002,lost,2025-02-07,
317,376005,fist_contact,2025-01-26,2025-01-29
317,376005,presentation,2025-01-30,2025-01-31
317,376005,contract_negotiation,2025-02-01,2025-02-04
317,376005,legal_review,2025-02-05,2025-02-07
317,376005,lost,2025-02-08,
318,367003,fist_contact,2025-01-25,2025-02-11
318,367003,presentation,2025-02-12,2025-02-27
318,367003,contract_negotiation,2025-02-28,2025-03-05
318,367003,legal_review,2025-03-06,2025-03-26
318,367003,contract_signed,2025-03-27,
319,376005,fist_contact,2025-01-26,2025-02-15
319,376005,presentation,2025-02-16,2025-02-22
319,376005,contract_negotiation,2025-02-23,2025-02-28
319,376005,legal_review,2025-03-01,2025-03-26
319,376005,contract_signed,2025-03-27,
320,367001,fist_contact,2025-01-20,2025-01-28
320,367001,presentation,2025-01-29,2025-02-08
320,367001,contract_negotiation,2025-02-09,2025-02-12
320,367001,legal_review,2025-02-13,2025-02-22
320,367001,contract_signed,2025-02-23,
321,367002,fist_contact,2025-01-30,2025-02-09
321,367002,presentation,2025-02-10,2025-02-17
321,367002,contract_negotiation,2025-02-18,2025-03-04
321,367002,legal_review,2025-03-05,2025-03-29
321,367002,contract_signed,2025-03-30,
322,367004,fist_contact,2025-02-01,2025-02-23
322,367004,presentation,2025-02-24,2025-03-14
322,367004,contract_negotiation,2025-03-15,2025-03-23
322,367004,legal_review,2025-03-24,2025-04-12
322,367004,contract_signed,2025-04-13,
323,367001,fist_contact,2025-01-25,2025-01-26
323,367001,presentation,2025-01-27,2025-01-28
323,367001,contract_negotiation,2025-01-29,2025-01-31
323,367001,legal_review,2025-02-01,2025-02-02
323,367001,lost,2025-02-03,
324,367004,fist_contact,2025-01-19,2025-01-21
324,367004,presentation,2025-01-22,2025-01-25
324,367004,contract_negotiation,2025-01-26,2025-01-27
324,367004,legal_review,2025-01-28,2025-01-31
324,367004,lost,2025-02-01,
325,376005,fist_contact,2025-01-23,2025-02-02
325,376005,presentation,2025-02-03,2025-02-09
325,376005,contract_negotiation,2025-02-10,2025-02-13
325,376005,legal_review,2025-02-14,2025-02-18
325,376005,contract_signed,2025-02-19,
326,367004,fist_contact,2025-01-31,2025-02-01
326,367004,presentation,2025-02-02,2025-02-05
326,367004,contract_negotiation,2025-02-06,2025-02-08
326,367004,legal_review,2025-02-09,2025-02-10
326,367004,contract_signed,2025-02-11,
327,367004,fist_contact,2025-02-04,2025-02-10
327,367004,presentation,2025-02-11,2025-02-16
327,367004,contract_negotiation,2025-02-17,2025-02-24
327,367004,legal_review,2025-02-25,2025-03-05
327,367004,contract_signed,2025-03-06,
328,367001,fist_contact,2025-01-31,2025-02-20
328,367001,presentation,2025-02-21,2025-03-15
328,367001,contract_negotiation,2025-03-16,2025-04-08
328,367001,legal_review,2025-04-09,2025-05-03
328,367001,lost,2025-05-04,
329,367004,fist_contact,2025-01-31,2025-02-06
329,367004,presentation,2025-02-07,2025-02-22
329,367004,contract_negotiation,2025-02-23,2025-03-05
329,367004,legal_review,2025-03-06,2025-03-26
329,367004,lost,2025-03-27,
330,376005,fist_contact,2025-01-08,2025-01-16
330,376005,presentation,2025-01-17,2025-02-01
330,376005,contract_negotiation,2025-02-02,2025-02-27
330,376005,legal_review,2025-02-28,2025-03-10
330,376005,lost,2025-03-11,
331,367003,fist_contact,2025-01-07,2025-01-09
331,367003,presentation,2025-01-10,2025-01-11
331,367003,contract_negotiation,2025-01-12,2025-01-13
331,367003,legal_review,2025-01-14,2025-01-17
331,367003,contract_signed,2025-01-18,
332,367004,fist_contact,2025-01-16,2025-01-24
332,367004,presentation,2025-01-25,2025-01-28
332,367004,contract_negotiation,2025-01-29,2025-02-05
332,367004,legal_review,2025-02-06,2025-02-09
332,367004,contract_signed,2025-02-10,
333,376005,fist_contact,2025-01-16,2025-02-05
333,376005,presentation,2025-02-06,2025-02-12
333,376005,contract_negotiation,2025-02-13,2025-03-10
333,376005,legal_review,2025-03-11,2025-03-20
333,376005,contract_signed,2025-03-21,
334,367004,fist_contact,2025-01-28,2025-01-29
334,367004,presentation,2025-01-30,2025-02-02
334,367004,contract_negotiation,2025-02-03,2025-02-06
334,367004,legal_review,2025-02-07,2025-02-08
334,367004,lost,2025-02-09,
335,367003,fist_contact,2025-01-05,2025-01-14
335,367003,presentation,2025-01-15,2025-01-20
335,367003,contract_negotiation,2025-01-21,2025-01-31
335,367003,legal_review,2025-02-01,2025-02-08
335,367003,lost,2025-02-09,
336,367003,fist_contact,2025-02-02,2025-02-18
336,367003,presentation,2025-02-19,2025-03-07
336,367003,contract_negotiation,2025-03-08,2025-04-01
336,367003,legal_review,2025-04-02,2025-04-21
336,367003,contract_signed,2025-04-22,
337,376005,fist_contact,2025-01-20,2025-02-13
337,376005,presentation,2025-02-14,2025-03-08
337,376005,contract_negotiation,2025-03-09,2025-03-18
337,376005,legal_review,2025-03-19,2025-03-24
337,376005,lost,2025-03-25,
338,367004,fist_contact,2025-01-21,2025-01-24
338,367004,presentation,2025-01-25,2025-01-26
338,367004,contract_negotiation,2025-01-27,2025-01-28
338,367004,legal_review,2025-01-29,2025-01-31
338,367004,contract_signed,2025-02-01,
339,367004,fist_contact,2025-01-20,2025-01-21
339,367004,presentation,2025-01-22,2025-01-24
339,367004,contract_negotiation,2025-01-25,2025-01-28
339,367004,legal_review,2025-01-29,2025-02-01
339,367004,lost,2025-02-02,
340,367002,fist_contact,2025-01-27,2025-01-28
340,367002,presentation,2025-01-29,2025-02-01
340,367002,contract_negotiation,2025-02-02,2025-02-04
340,367002,legal_review,2025-02-05,2025-02-06
340,367002,contract_signed,2025-02-07,
341,367002,fist_contact,2025-01-08,2025-01-11
341,367002,presentation,2025-01-12,2025-01-21
341,367002,contract_negotiation,2025-01-22,2025-01-31
341,367002,legal_review,2025-02-01,2025-02-11
341,367002,contract_signed,2025-02-12,
342,367003,fist_contact,2025-01-26,2025-01-30
342,367003,presentation,2025-01-31,2025-02-05
342,367003,contract_negotiation,2025-02-06,2025-02-09
342,367003,legal_review,2025-02-10,2025-02-18
342,367003,contract_signed,2025-02-19,
343,367004,fist_contact,2025-01-21,2025-01-26
343,367004,presentation,2025-01-27,2025-02-02
343,367004,contract_negotiation,2025-02-03,2025-02-08
343,367004,legal_review,2025-02-09,2025-02-12
343,367004,contract_signed,2025-02-13,
344,367004,fist_contact,2025-02-04,2025-02-05
344,367004,presentation,2025-02-06,2025-02-07
344,367004,contract_negotiation,2025-02-08,2025-02-10
344,367004,legal_review,2025-02-11,2025-02-12
344,367004,contract_signed,2025-02-13,
345,367001,fist_contact,2025-01-06,2025-01-08
345,367001,presentation,2025-01-09,2025-01-11
345,367001,contract_negotiation,2025-01-12,2025-01-13
345,367001,legal_review,2025-01-14,2025-01-15
345,367001,contract_signed,2025-01-16,
346,376005,fist_contact,2025-01-22,2025-02-01
346,376005,presentation,2025-02-02,2025-02-07
346,376005,contract_negotiation,2025-02-08,2025-02-15
346,376005,legal_review,2025-02-16,2025-02-19
346,376005,contract_signed,2025-02-20,
347,367004,fist_contact,2025-01-11,2025-01-17
347,367004,presentation,2025-01-18,2025-01-24
347,367004,contract_negotiation,2025-01-25,2025-02-04
347,367004,legal_review,2025-02-05,2025-02-12
347,367004,lost,2025-02-13,
348,367004,fist_contact,2025-01-28,2025-01-30
348,367004,presentation,2025-01-31,2025-02-03
348,367004,contract_negotiation,2025-02-04,2025-02-05
348,367004,legal_review,2025-02-06,2025-02-09
348,367004,lost,2025-02-10,
349,367004,fist_contact,2025-01-15,2025-01-18
349,367004,presentation,2025-01-19,2025-01-24
349,367004,contract_negotiation,2025-01-25,2025-02-01
349,367004,legal_review,2025-02-02,2025-02-10
349,367004,contract_signed,2025-02-11,
350,367004,fist_contact,2025-02-04,2025-02-07
350,367004,presentation,2025-02-08,2025-02-17
350,367004,contract_negotiation,2025-02-18,2025-02-26
350,367004,legal_review,2025-02-27,2025-03-04
350,367004,contract_signed,2025-03-05,
